username, token
user0, 9e154086-a5ce-4204-b242-c8003dc393d8
user1, 1fa3c655-b6b4-4e8a-8f34-5348823137af
user2, 6ca64235-fd94-4f78-8113-a1972a6a4bed
user3, fd5a094c-c9b8-4c58-b59f-dab85127d51a
user4, e82e6275-e9b8-4855-95c2-d9c7ef295ac2
user5, 224efcfd-5bc5-44be-9c0f-09d1d1c2f1e5
user6, 90c07df3-1b27-4585-ba11-f4fb28603933
user7, 29f4d1b5-1264-4dcb-9fcd-02fd5511fd1f
user8, bedb24f0-c25f-483e-8349-7d3ca89b27a3
user9, 68d34be1-f86b-4572-8a5c-304972700e5b
user10, ee02d559-db78-4b8e-9425-e8af0f359237
user11, 3eafcfc0-6e50-470b-8255-ac1e5cb6503c
user12, 57e31a75-3739-4f0c-9f2d-18afa1f54803
user13, e23ccf11-a01d-49ba-b7be-e8ab7fa8a32a
user14, d959b789-fff4-4239-9055-22984bdae397
user15, e518f6a5-5acd-47c1-b163-d122b7f47dd0
user16, 99a02ac0-e5e4-4c87-86a0-fab126d0ed44
user17, af643372-8e8f-40ac-8a66-44dd3d532a62
user18, 6a14bdbe-eed1-47a7-846c-b691b81936d6
user19, 1cd21ec3-542c-47b3-b5d7-f73f48f36edf
user20, 8e7a2eea-ba18-463e-9d7d-c2172a658962
user21, 6119f7e2-dc3a-48f3-9125-a77e8cb8222d
user22, 64a85bd7-b4e7-4b61-b88a-b724e202bfb7
user23, f72f5027-c394-4c3c-9046-a9b805217625
user24, 35b5a55a-5041-40f6-8d66-523833f4f274
user25, bdbf41d9-7c2c-4dfb-9b24-d6362e17ed52
user26, 7f778edb-941b-441a-8b0e-a42188a4d570
user27, 868ff178-16a6-4b61-baf0-fd53152dd5a9
user28, 102a47e8-00b2-4f5a-b742-94a02d18d095
user29, 000661d2-f4d1-41fe-aaf4-2a9cddfa018b
user30, 78a4fb94-484d-42ed-8c4f-793a0d442975
user31, 93e90496-4dbc-410c-867f-96ea7de121ce
user32, d57fcc89-e812-4610-a651-4074b1b5303a
user33, f5f6fde6-ca86-47c0-a43e-74cf08f8e2d2
user34, 8c9fba1b-4751-416f-badd-8b4edf7cfa74
user35, 40dd387b-31c6-4d81-949a-26a729b2abe5
user36, d27b2c47-b783-4ed7-9bfc-f6f0d7781c9b
user37, a8aa8a2f-ef13-4b8c-8b40-dea77d3cb5e8
user38, 63500720-4113-44cc-9a1d-07d80160f1d6
user39, 250f54f3-8a1a-437e-a550-993543aab448
user40, 6f3ea63f-80d2-4ebf-9690-a1fd2e981259
user41, 3f8bc24a-18e3-4e3a-a4b7-7f118a1bce0c
user42, dbf321cb-798c-432d-97bd-e42b77f029b3
user43, a676b299-1b0a-477c-91aa-38980c4eb865
user44, 99a929a8-6dfd-4092-81e0-ba8f2cd9fe71
user45, 3d0b2cc0-a167-45ce-916f-1303fc545ef9
user46, 59d9e9e9-be33-4048-b815-ff219df7d583
user47, 0bbee234-ae2c-4980-bcb6-ccb1bd2678eb
user48, b9cf9f69-6ee5-45de-b54a-131d0a868b74
user49, 4e2a44b4-28df-4878-8894-27d137660920
user50, d2b6f08f-2e6f-41af-8f02-2f8008c73125
user51, b08ec75c-41eb-45ad-a35b-b3f98b0470f6
user52, 42bda501-3063-454f-91d9-8e1eb12f2b9f
user53, f7c2e428-d038-4a08-a85d-657190f28ca6
user54, 9b24fc66-987a-4ffc-af31-a7303c5f0596
user55, 7e9cb541-72b0-4e18-8d40-4e3b9477a8ee
user56, bd760bc6-1910-42ef-b90e-6d31f12b841e
user57, 1597bd7b-b668-4530-9e13-645c04bf3f5d
user58, f528759b-b8a1-416c-a35a-c4ae5363a311
user59, 91e11a18-f81d-4f43-82e4-f9635629a958
user60, 12767e0d-1dcf-49db-8a0c-caf278f00e50
user61, aff37e13-9bad-4f49-93af-4616c7560b2a
user62, 1a4f7c6f-4938-47a3-8837-94621b0619bf
user63, 8013c0ba-c43e-4f05-a388-7c365fd398d2
user64, 20d76696-51b5-4199-b821-f66cbaa64813
user65, b047037e-e832-47de-a6b8-e2fcdda80973
user66, e06c8f48-5762-4567-ad44-89f3d43a43c9
user67, b9bc908a-a6a0-4e0c-8f14-b4697677beeb
user68, 8ce2c6e9-ea34-4979-a2e1-86c1ab3c6beb
user69, 747d7f7a-1d6b-4d81-9472-430f71f3efbe
user70, 3e4da320-b1fc-4d06-b9cc-4bb3c9e9dc34
user71, c19048f0-56b1-427e-9882-e68ef0b7fc65
user72, bafcce57-6ed5-40f0-bc50-0c3c4dd4d652
user73, fec38c6a-9ad2-45f5-a15e-b5676f64acd4
user74, 60c42d51-7ae6-4c62-9b95-4663caeaf501
user75, 7767da72-2bc1-4e62-b971-7dbe0f5d2611
user76, 05b4739f-e431-4290-a38c-b5cedfd428d8
user77, 522938d4-c425-4290-8ae8-e6aaa34cf897
user78, 71d3bd92-cef1-4bcb-aa71-c6e25fe6dd02
user79, 51c81e48-1185-4b08-934e-43589d1fa3d9
user80, d17b72a3-e8ad-4138-9e10-7faadfa91989
user81, 1f490974-7c2a-4ba6-a19a-084e7afafe04
user82, ac1e4e2c-890d-41fd-aa04-3964bafa9929
user83, f2583eed-b2d2-443c-8b5a-56e240c4580c
user84, f77591c7-e267-4168-9ed2-22a3cfaf8f44
user85, 3b6b9424-0ebe-4830-a8e6-b3c5ef834ec5
user86, 08d4d36f-36e3-4578-892f-bb372308f7cb
user87, 8b6ad50a-3725-4764-a93a-d4f56e4b5ed1
user88, e2870dec-27d5-4028-b660-50221d4d09aa
user89, 5dc134df-92b3-4b21-9ec2-769b939d9fa6
user90, 7e2bbf61-325a-404f-9ef4-cb8e35a87a17
user91, aad01ff7-9695-489e-b97c-8f09a5b3fcaf
user92, 6b11f192-6050-4efd-ba69-dc045508e9a7
user93, c149f8ca-c45a-4ee4-81d1-a0f15ead51c9
user94, 16408e08-ce14-46b7-9aff-6c70a8c4b2cc
user95, baf061a1-fab2-452c-947f-28fbcc699209
user96, 6d30fb58-12b0-49a6-92cd-4b03e6dc7b82
user97, eb020864-d99b-4d0d-a383-5a4b8257dc16
user98, b07b0946-0998-499b-b71a-25d8fd79b61f
user99, 4d8b72f1-1f4b-4d18-bd7e-efa4f5542f96
user100, fffd644a-0d3f-4931-88ff-4c27e4bb2a1f
user101, 36a86bcd-a192-4032-872a-24b73367784a
user102, f7ac3688-843b-4a05-a137-3bd8cf386d13
user103, e65d3e26-c1c8-4010-bcc0-04ac85ee0985
user104, 613b9cf8-b5d3-48c5-bfca-df0a6cc40519
user105, ab5ce7b5-4d28-47f6-9e83-1b3e970e13dd
user106, e948762f-c14f-4f4f-869b-a6e4aeed1918
user107, 80dec9cf-b58d-485e-b55f-a4d2f078e0b2
user108, da55a099-fb8c-4b1e-af67-e5363e9570b8
user109, 67246e6b-262c-47bd-821c-5b1577c74030
user110, 69f7f376-f5e6-4877-8527-fcf8bb111ef8
user111, e38efa94-2869-4b06-911b-adaf77a15e33
user112, e353f82c-115e-4a3f-a484-ade55f108e3b
user113, 46bcfbd8-8e81-47f1-8342-81c65513361c
user114, d19b0c9b-7f28-4d6c-b5fd-1144cb007b29
user115, 1180c58d-051a-4c00-a1fc-85e53b435ccb
user116, cff7e61f-db29-42c4-8740-4f92b1b67ad0
user117, e3f5fe92-a338-40e1-b4d4-75517370caaf
user118, 8f99bed8-335b-4fc6-9379-a31fa1fa3aec
user119, d85870e8-2ff1-4308-9364-94ef41863867
user120, c600d041-a8c2-475d-95b3-46657487cdee
user121, 43c757fa-d883-491e-9bba-d6949538f151
user122, 9395ace9-32fe-448a-973b-50a952d31425
user123, 20f8eae4-aa32-436d-b862-221228921131
user124, 746d7c0e-236c-449a-b481-afb19735dbe8
user125, 95f55d6b-de7b-4335-8c6c-27ceac1d5615
user126, 03bc4fdf-8ef2-4954-80f3-bc1a23290238
user127, 452c8b82-2359-4c32-8ae5-2533267d3501
user128, 0ba857e4-9827-40b1-8c32-b206025ec77a
user129, 6763ed10-8789-4f24-8312-95176e7e3588
user130, 467613ed-948f-46e9-846b-801e226bf236
user131, 4279696c-044a-4245-bcef-cf74596d66d1
user132, 89b02697-c13a-4d12-a9f3-db896a906a7b
user133, a19e19fd-2698-4015-9222-cb20ea3c3499
user134, a4e0a5ec-e848-40c6-a920-29c19d591cc8
user135, f53a8950-7e65-4106-8b4f-3f4d1183ad84
user136, 6ffe03f1-4ded-461a-afdf-ffe57a4e4122
user137, cb3926c8-4f60-4b88-a441-e6d1e5fd3af4
user138, 0e4ef9b7-7309-4265-8627-2d206e714f59
user139, b72311aa-3c94-48c9-9990-30971242852a
user140, e8a71195-2756-48a5-85b3-f4599180475b
user141, c3b81b7b-0fd3-4b33-ae09-3070d9e50010
user142, c64e3e8e-f0ee-475f-af93-3b025e021d06
user143, 30c89ab0-71ec-4793-ade8-ec161a552e2b
user144, 3016099e-31a8-4e97-a166-e32c116dfa35
user145, 4a06b6dd-c027-493c-adeb-c49819e28c27
user146, c471be3a-209d-41ed-a31f-6d7723890412
user147, 9f8eb8bb-c0ee-4207-9997-e49213a6159f
user148, d5f2db2e-240d-48c7-ab76-d0b2126c2ce2
user149, 6b90cf98-d331-4960-abde-b685b350e2d8
user150, 93269075-c774-4470-966e-1595d4521328
user151, 3a85e52c-7827-45ce-b390-87f0b15f7fd4
user152, d37f64c6-b0b0-44af-ab0b-6ae95f2de08d
user153, 0d309560-ee67-4cb2-adc0-58cc8eca80ab
user154, 68011225-f989-4bc7-b297-d0bb431a155f
user155, 4e200764-e37c-47df-a2a0-47f291dcc1fc
user156, 104abbe4-2221-4a26-9024-f1629d7fd9c2
user157, 2a2f6b1b-c152-4ed1-bc83-592892aa384c
user158, 0d0a6f43-b5a3-43db-b670-5d339400c92d
user159, f7a99765-0353-42c8-84ff-af63648024dd
user160, eae1d8e5-b7c8-4ba2-9cdc-b8b63d15ddfb
user161, 9cf8f901-9668-4a11-9381-042725144196
user162, 696f8fd3-a2fa-416d-b38a-380c5823d6a9
user163, ea2c68b9-a3ed-404f-a527-131daf485773
user164, 3eb46308-6b04-475d-87b8-d152d76d82f3
user165, 1ba83fdb-a3e5-40ec-850e-40cf95f2e515
user166, c31f0ec2-bbbb-426f-9f9c-c08b7482c731
user167, b059f2b3-358b-4c57-87e4-7395141df478
user168, 9df3f04a-2876-4737-8942-2c86d0fd96e0
user169, 917bbc00-5dde-4638-9464-9b65f38b6996
user170, d2ee13ef-3f22-4700-9fd5-e134faa53ffa
user171, ac7d912d-a683-4f46-be76-4ffbd76cd410
user172, b9843391-957e-45ed-8e2b-f3ce0174cf4f
user173, 08ac4f52-6404-441a-8182-38b19c81aa8d
user174, 74310de0-fdf0-4b54-9e18-c24727352a60
user175, e81da3e4-4fea-4f2c-a0bf-b487ffa63752
user176, fae791f5-bfa6-472e-a756-ae0ec7bb0c1b
user177, 77090dbd-516e-4f89-beb6-5158bd5608cd
user178, 37f92b3d-6012-4d75-9467-c18784642b18
user179, 8fca5ac5-1db5-407f-b47b-960a7bbdf354
user180, 54c45293-8f6e-4949-b2ff-fb78f11aea54
user181, a893cd54-ae8c-4c62-aa17-c4aaaaf9f958
user182, 8ca6c36f-bb89-4e7e-8162-889e63e5fb66
user183, 2e60c2da-ad9a-4f08-a649-8e6618eba266
user184, d9cf0875-a702-46ac-8624-36efd52b7a3f
user185, 180569ec-1716-47d3-ae1a-a4aff1823c05
user186, ee6ce994-b862-4406-b9f8-8ff187033b7d
user187, 0d243d4d-6de4-405c-984c-cac305aba9b7
user188, f77ce290-3810-4526-8009-9fefd45de03f
user189, d1865a8a-5bb1-42b8-b868-2baccaee9b79
user190, 765db479-900f-4070-9fac-1e438208bb3c
user191, a5048aba-5b82-4ab2-a56c-3e6f740d9880
user192, 200f3863-3460-45b7-a387-f81230967e81
user193, 2ee6d200-7c58-4053-94a8-e538f394991b
user194, df290b2c-f6a7-48d7-a8a9-ca5cdd8ef1f4
user195, a364bfc7-4a76-445c-a071-60d284dfa078
user196, 7d98af4e-6f54-4082-a3f2-f941b723a3ab
user197, fe9dcfc8-c55f-449b-ba32-f33c277ac510
user198, b6540cd0-d68b-4594-bb5b-d204035f7d02
user199, 492a18ef-468a-4efb-a901-679a4e4ed10d
user200, 365c9ee4-d8cf-412d-9379-d96a1f3baf39
user201, 96e59e1f-5853-4e5c-892b-d683b52ff8ec
user202, 8503552f-4f99-4759-80f0-b31cc1023060
user203, 7abbfe2f-43dd-4b31-9fe3-63d61ad058f5
user204, e54910f5-240e-44ad-8445-ba24d55ddd0b
user205, 0a3123c5-05d4-4fec-8edc-fe8dc694c6ef
user206, b73f4b14-0071-4cb7-8004-31cee9c5a9a9
user207, 2cd218e7-4cf0-4a5a-86a0-eb4ead0d2095
user208, 7b751948-3018-4d84-9750-1821034d4486
user209, fb1491e9-fdb7-4f27-8f59-0e3342965222
user210, 007af51f-8547-4e09-9854-3a436d717510
user211, fedb248e-c765-4029-890e-f3365313658b
user212, 18debe3b-0d66-4006-a0b2-8cc4f3fc827e
user213, dd764c00-c350-45e8-836e-4776a8e938b5
user214, 62232375-0293-48de-af8c-82bf59be65f3
user215, 11394681-c332-4962-900a-faa11ac59737
user216, 22f73982-c3a0-4cdd-b601-f6d21bf62207
user217, b65697c1-2053-44fd-89e5-c8a329b76848
user218, a2e358ae-2856-4b1e-a4c4-0d1807a67cee
user219, 4ba90c2f-c80c-4d2d-b89e-dfdc339d0c00
user220, 63018044-cece-42b3-b329-fb3b93c00f79
user221, 46e7edb8-892d-449d-aab6-ab11fbaf223b
user222, 8f308d8e-7918-467e-8c48-255d9dfb1ad2
user223, aa53c10b-be5c-43b7-98fb-ad6b4b7587b7
user224, 0a5ec907-483c-49d7-a2ae-edc24312a4e4
user225, 25c1b46b-a2e4-465d-b8f2-e020e56a2bf7
user226, 39e986bb-3977-45dc-a6fd-5727b5bf1e4b
user227, fc937830-28a4-4696-8e10-b51d4828dcc3
user228, 7bacc3f2-e6bc-4092-a3bf-0ce18dee6b68
user229, 83156a86-1ef7-43a1-81b1-c918da36e7fd
user230, c09a7234-a011-441d-bd3d-5c1e27ea87fe
user231, 8eee5cdb-908f-4f34-b2b8-38571a22ea04
user232, ef4d49f9-cca6-4815-90db-896ccfbe76eb
user233, 0eb3cd43-512b-4c99-9b01-c6b7103d1efe
user234, 591108ba-6df6-499a-b7df-93e6cb4cdeb4
user235, 07d4015f-e7db-4fe8-8937-a1e9607ad7e1
user236, 43c4a18f-ea07-4cdf-9b71-1c489bd23af1
user237, f1e2b111-e7f6-47ea-ac9c-c5c2cb66480a
user238, 30856d46-1a75-4ec8-9e36-b58d2839ee09
user239, ecb3b5d3-d268-441e-b089-82a4edf1e74e
user240, 89d97fcc-7f56-4f16-896e-42c1529c8337
user241, 32b95620-fda1-49a5-8e33-99f0d7d84c96
user242, 472e6af6-70c7-4d33-b897-8410abc69222
user243, 139c286b-f8c2-4bce-8e80-2730b79fdf44
user244, 3f368266-a71b-4abf-ba24-12d491bf3cc6
user245, 62fbadfb-ccc3-4665-893a-2d811080d5ae
user246, 5845e2a5-5e0d-45fd-b5ec-ef93be52e83f
user247, afbd6fb7-1d0c-4647-8136-2bada2bb7e75
user248, 2944d33c-b1ae-4845-ac14-0b725196560f
user249, 30d3b69f-5555-433d-8a54-96d5d36759b2
user250, 2b2b32cd-a3b5-472b-a5d6-954c4b1c276d
user251, 92c865d3-604f-47c8-97bc-72895eff7892
user252, e9bb121b-4dad-492b-9f1f-ce5d72450ae5
user253, 551e8a0f-a635-4188-a788-1826941ae365
user254, 3c61404f-6a92-4b24-b4b2-d12a3c6716df
user255, 45485e2f-b671-4598-ab6d-cc87b3adf8e7
user256, 0d05aa09-dec1-4455-835a-a16760bdf1fa
user257, 9f43f9f4-8c8f-4810-97b7-68fb8ea30851
user258, 5671834a-2953-4b3b-81e2-8853444b2ad4
user259, 21aec5e5-6d5b-4991-9d20-2a5d929a3953
user260, b2625207-573d-4abe-b263-f2c19957f453
user261, dda1eee7-5c90-4c2e-9d30-5d38b32ff04a
user262, 5842a1db-b33b-4729-be55-36b2ee2de409
user263, 26a6a067-1962-4d59-9798-9ebc593cdd83
user264, 9bd93c07-2505-4674-acba-41564881b557
user265, 274adeda-df81-4d3a-9e5f-4b1cadd4c38c
user266, 28e071a8-7572-4f58-bc04-b958456de2f7
user267, b31213e5-cd18-41a1-b9e4-f3e7f8a228c1
user268, 0713c21a-9174-49d1-b6f4-7a4db05ea373
user269, 2ba69800-5d04-42a4-9e3e-e8420831b662
user270, 3ca1e563-8f6f-4cdc-af1d-f2f09c7bd396
user271, 29a8c62a-1b79-4202-b546-e08ce1020931
user272, 31302d07-1f35-4880-94c8-b2ab7f9ac097
user273, 1ac7a6e3-8e5d-4f35-b61c-8a51a8af1b67
user274, bbe10000-1c1b-4de5-89cd-c8061ac07a06
user275, 26a88a06-288e-4339-9a96-983a079b5e79
user276, 8fc02e49-2ff9-4c0d-9974-b0e7ef9d9bc8
user277, b6136fb6-7676-489f-9dd2-081681f5ae69
user278, 8ebe7499-6a70-4bbc-9c24-acf9ab4ed669
user279, 75d39e82-ce87-4162-a9d2-cffbcea4eec5
user280, 90232ce9-ccd9-42ed-8862-b84e5828f075
user281, d51ea39f-0bd8-4f1e-9927-2c9095f90b54
user282, adacef55-de82-416e-9bb6-600566e8e14f
user283, 50ce8fee-4031-4101-9cfd-0ac078abfad6
user284, 8cc7738b-b47a-467a-9895-24025db77f99
user285, 39e41544-ced0-4a3a-bae9-939f7b7d69eb
user286, 33f37af4-009f-4243-a873-292e9bb42ab8
user287, 17e05692-2da2-4a8c-ba6f-3f264e3a4476
user288, 3b375524-a6bf-4df8-8e29-13034866be87
user289, 52ae0eec-8fed-4957-a1c3-af2d96904f28
user290, 1cd84164-49cf-47c7-890a-836c3dc588c2
user291, e113de59-b551-492a-a0b4-e61528c7ca4c
user292, 7b782adc-2d3e-4ef4-8395-1afd9b2257a3
user293, c0a30cfc-8f22-457b-8245-ca8a2ec19303
user294, d4b375dc-c81e-45c6-ae66-57ef71860d40
user295, 2d232171-a933-4908-b664-d9425d55a284
user296, ea06b410-17cd-40ed-9916-b5f964c8a1d5
user297, f862b515-2d1b-4ebe-9c65-70593834c26e
user298, 91424a33-1f3f-4322-b7de-824ddff4e70d
user299, 61f596e6-75e7-498e-86bd-d81247d34a92
user300, f4df449d-389f-4f9e-b8be-154e231f8898
user301, 26f09d1d-2477-4e0a-9082-e448b5421c0e
user302, 56d23b64-8bd4-4567-92a3-c5963f347639
user303, 75d0761d-9955-4127-94c6-204e644a4788
user304, cd525bfb-6e7f-453c-938b-5c272944e2f0
user305, b64af8e3-2a0d-4483-a7d0-d1af5f4f2a78
user306, 5c3e294c-7875-41db-b0e8-1e94328419ab
user307, 1b3a25cf-7082-40ad-adf1-808d993ac3eb
user308, 49c6d575-39dc-47f3-ac65-ae65b59dd4d6
user309, a749767c-c25b-4493-acce-46587c929682
user310, c475c6aa-4d5b-46a3-9e78-8447ca29faf9
user311, b3d31389-15a2-4693-a9bb-0684337f904c
user312, 9c6c2d6b-a9e9-49b6-8bb2-b6f5269d7ceb
user313, 0179cd29-1620-4179-9084-546c037337b8
user314, 6fb19b63-6baf-4119-940a-4c9f45fe43b7
user315, 254102a3-c689-455b-922e-810374febebd
user316, 1d79614e-5c06-4cde-a25c-50c8275d22b9
user317, 422b793f-4508-4e3a-8ae7-b0d930acfd25
user318, 03b97c03-a6fd-49c0-9771-d8b1a498f12f
user319, 09e53a1a-156b-4232-a2f1-c14639a970eb
user320, 68ec19e9-98ab-4e2a-9d16-e072aaad7f2e
user321, 8ab67c62-2f1c-48f8-8ed7-e975671c86a7
user322, 13b3d54c-1416-40e4-9e42-5cc0ff714058
user323, a1f53123-ef41-48e6-a349-8e3ad80629f2
user324, b752c2b0-4004-4668-b4c3-eb5f9f9d7972
user325, dfe74ab9-e350-4f40-b5fd-b2a8a40f788f
user326, 703d1b44-8818-4502-8cb9-74e302a28d53
user327, 5ceef818-cecf-49bb-ac22-afdbcf5ea3c7
user328, c2456bf3-d7f7-4c24-99af-3d37466d4f16
user329, 2e195c9c-30f2-45ea-ac15-5d5c31b1af48
user330, fcefc6d2-c173-45d7-8ccb-1270bcdeb6d2
user331, d7ce9112-a660-473a-9a1a-4c5f8e1ecdb2
user332, 7faf03ca-efb3-4f8d-a0ab-54f15a407a27
user333, 0b7b9d36-af5e-4964-829a-af3defb5b35d
user334, f65849bf-9b7b-4ec8-b880-4fe410e16df6
user335, ce11a5ad-88a4-4d79-a84c-f82493995032
user336, 199bf13f-557d-439c-882e-88a29dc81704
user337, c17fd5ba-2f51-459a-9a59-fce6169c6414
user338, a4149df5-c461-4aa4-8c05-357402380c19
user339, 3c730b73-2860-4044-88e3-ed57e14cae83
user340, 4aa56962-f154-46fc-b1cd-bf6c7e7c5eff
user341, a39aac32-283f-4c2a-9a2d-f8bacf3354af
user342, 95ff3503-e82d-4cbd-afb3-84119bbf38d8
user343, bc4d6cf8-6840-4d3d-869b-698560df85e3
user344, 6f034233-60fd-4f77-89fc-1d7c3126d2ba
user345, b111b7f1-bfe0-40e9-a4e0-53bec69a290e
user346, 2487916e-3cb2-4142-805b-5e92ee3dd970
user347, 0c63eda4-c603-4a80-879e-a86429044431
user348, b086154d-9eaf-47c5-9eae-7c27b3d787c3
user349, 5de54970-b47b-49d5-885a-53b1a911c158
user350, 62f98786-b051-4030-a575-6db72d69b710
user351, 8727ad17-9491-4fce-bf90-2a193c79acb1
user352, 6438f0cd-1daa-4e4f-8c86-db491acaf5c1
user353, 9d7a46f9-4ce0-4eb0-88ff-4a71716760c3
user354, 3d4167e3-068f-4c82-acfb-c0fb250a9eb2
user355, 2ee2ae1b-8ec8-4a4a-8bc9-b307ae5e5a1e
user356, 92f1d7da-ea80-4625-8dd9-10d18552801f
user357, 59606e6e-348b-4fa7-b8fe-a60fe5573d8f
user358, b8e79252-1d66-461a-a4be-64f96287de34
user359, 2a999b1b-3e22-4641-bdba-0353eeab908a
user360, b217a8ec-8b08-4a44-beab-6947da3d2865
user361, 597e9eff-d6ba-40a8-8064-2689c03aeb17
user362, 0ddf931a-e5e0-497a-8cc7-920254ee2751
user363, e197f17e-4309-41e3-a1d5-b3af6f185441
user364, e367179a-119f-483b-94da-1d357f805d5d
user365, 7ed827cb-fe5e-46cd-8d8c-11aa3d4af3bd
user366, f8f88092-c4f3-4a95-96f5-497cbd0fb906
user367, d53ef9ae-b224-42d1-84be-e47a45db9fe6
user368, 0caec3b8-20d4-487d-9ade-ca37b711918e
user369, d6009039-6c4b-4f7f-b8d7-0ad50f055f99
user370, f8755d7d-f692-42e4-88bb-02cef1a1a162
user371, 25f12035-2615-41ab-9c86-6420c6b0ada2
user372, 56d57c1a-9557-4acc-a556-6633d7d787a4
user373, f5a308f5-6116-44ca-9cbb-f62d5335a434
user374, 04819d33-7169-4520-a24f-c8c7e19a2305
user375, 0d18e701-7772-4ae1-99f0-c5806e8e3043
user376, 47d0d71a-946d-46da-9ced-baff0cbea6e1
user377, 67a6a9fb-0bc1-4730-8cd1-779c8b6d30c7
user378, a002c959-1cae-4fa3-a753-794b988ffc5c
user379, 0f1845bb-c272-409e-a953-0bf802359375
user380, e0677b8b-0539-46bc-a577-ecc74e287362
user381, 138120c0-5c60-49be-bc29-74dba463f631
user382, 0ff7ef1e-5a71-4e8b-84d4-425b2ceab0c5
user383, b197a25b-a503-4c57-a1c8-fe0792b0b1a2
user384, 765a775d-66ab-4bca-a58b-cba481ef9ce3
user385, f7f92a7a-faab-4d54-bf05-763ab5aa354e
user386, d737b0a3-61d5-47c6-a827-6e7f9ad542e1
user387, 9101a1ce-be1b-485a-9178-dadc6c0ab06c
user388, 1ce47aaa-31e4-4b0d-9025-da555cc1e4aa
user389, 4911f799-638e-4ef3-9292-ef76226021ef
user390, 7c93a6f1-92be-498f-98b1-a23c10823271
user391, 2b6dceaa-7f40-44c1-bd9c-b858843ff5d9
user392, cb38eda0-2487-4a7b-a509-f406f6903b5f
user393, 1ca15ecc-3824-470c-ad6e-822c7bcf9272
user394, b2a01c3a-fa3b-408e-94af-b42f368297ce
user395, 731e1899-a7a3-40dd-b842-d9473d3d0e0e
user396, 5be86ed0-5cb7-4473-b916-2b79010a2d59
user397, e83a3f26-dded-42b2-bd40-6eeffd35f028
user398, bc92ec5a-a93f-4c45-b80e-5a4c394fe9e8
user399, 06e8a7b7-4103-4575-9159-0ae6e69ef4e5
user400, 796c7951-4b24-4c9f-8fa7-fb88e676dc49
user401, 5d3835c8-3d6c-401e-aab6-47e6a7bf80f4
user402, 4687a339-a3dd-453a-9c49-92cfb474dea2
user403, 6a849a1e-183b-4b92-bde6-8f1d415dad58
user404, 1cdac7bc-d2b9-4f3f-8405-c383cb0ae584
user405, 70a79601-db69-4cd2-aa3e-712ca4a4afff
user406, 62772d33-7cbf-426c-9b03-9ecc6cb2e927
user407, 6d99e01c-cac6-4998-866e-63dcd192e700
user408, 415f0c6a-534b-494e-9002-ffea1706402f
user409, d068bfe9-d1de-4ade-9517-48ce9d19ecdb
user410, 160d062a-46f9-462e-bcd1-57ee48cf3c23
user411, 84439949-e502-446a-9dca-05f3d3e40277
user412, 531bb563-1524-4a96-841d-725fa7fad141
user413, d5b17920-0820-4efa-be3a-f2d82375ef0f
user414, 8e959c84-e636-48b6-8665-39b543f7fcbc
user415, 1a7599b5-c6c9-4da8-b650-a3309c05576f
user416, 1d113c03-1361-43e4-b7ad-7d8094460405
user417, 39831acc-2ddf-461f-be22-10e32ea7809d
user418, 9f4f18b8-9b8a-4b4a-bd4d-41a1464818fc
user419, 1934376c-13e8-4a4c-833d-2806efec3fae
user420, 804b86d0-f8ff-4244-b6fe-cb77ca49e762
user421, 2b04552f-c400-4cd9-859a-a7dd423f5182
user422, 762d2e9a-76d6-43e5-b659-d27f625cb98e
user423, 06758d5e-3ca4-4159-bacf-b8bef373cdac
user424, ccde2b02-b8d7-4642-80cc-09b5ea786357
user425, 002044de-4b79-4829-9438-fb119e6e6b31
user426, d628a965-81a1-4349-b084-e55d090d08ba
user427, a4139d1f-c4ff-4a2f-8ac0-1314e4c0b471
user428, 2ce2eb8c-1e86-4094-af63-524edbbb1456
user429, b854bf87-4263-4d6f-9cc3-891f8580fcc5
user430, 1cd7604e-0810-4848-b4f3-638b464b8d3c
user431, 1cf05446-7409-4aaa-a8e0-c8e37157cfdd
user432, f8394c4a-a920-4b0e-bde6-47006ca1e9a0
user433, 4880d767-5da7-49b4-8f80-8f62f1087376
user434, 42aa3ec3-81f7-4b61-9e95-1dbee793fcf5
user435, 9586a0af-59d7-4ca8-a4e5-d14007b03978
user436, 70012db6-bebc-4510-a6dc-f52cc403b8d0
user437, 3e68bd57-7b2c-4b34-9cac-dcd3e9f95dd2
user438, bd2b8666-578a-47c9-9a2e-32cfc864ff56
user439, bba9e3ca-6f5c-4745-82b8-d5d5da64ecc4
user440, 3659b43f-5527-4a5b-b1e3-592286ecfeca
user441, 5c4d47ca-0655-4d27-89a4-2eff7b1ce7f5
user442, 7ceea4b4-34ce-41c0-bf1f-926ac9a88c99
user443, 95c5ffae-370b-432b-aea4-dd8c48e7edd6
user444, e47d8d2b-047d-4d66-ac21-4e0c94382aa4
user445, c751261e-c261-4439-b7c0-902c2b105f0f
user446, cbdc8cef-47e7-4dfe-bd18-139917ea3f25
user447, ae7dcb84-75af-4e86-b6c1-acdcbad82bcd
user448, c6e35660-688f-4b1a-9593-fe9c947d3b36
user449, 4c1d05f7-ad47-4e7e-a537-6c3920b1b715
user450, bea93da4-8d06-4a80-8cf7-04a2a8b5e5aa
user451, 87f6f2dc-dfbc-4faa-b511-d95721d59424
user452, 83bd31d5-56ff-4bf1-a130-ee02984b5f18
user453, 60c8a4a2-46ab-4bfb-8fdc-318c5d593267
user454, a2dd167e-7958-4e06-a845-b2a3e2df18af
user455, f663e9c7-67e0-4ad5-8d95-149d9890f3a6
user456, 4ddc96cd-0091-4a66-a3c8-3a7046ccb258
user457, aee19ad0-b85f-4fd7-8175-b84d3988ed86
user458, c51ad5b9-e7b4-40ad-ab37-a0fade9bb3a5
user459, e0bee34a-6213-45c8-acfd-a662d3784237
user460, 20a5b7f4-c8cb-4c2b-946d-a8babcc30b51
user461, b40cc32b-a032-4143-90b2-ea6c65b0c346
user462, 107443e4-21aa-4792-8fc5-b7d04fa03536
user463, 7bd10359-b1db-4241-80e8-bf389943d4b3
user464, 45f04f4e-e094-4003-82a3-25584c99cb9f
user465, f0ea4ec3-5d9e-4d16-91c6-1ffe0ad5287a
user466, 60868220-b025-4faa-89b2-46be0e5cdbd8
user467, 1e8baaab-0247-4096-8cb8-81f4a1c37507
user468, acbd2df6-528e-42dd-b52a-875f25f6f751
user469, 8418b947-a826-4deb-b232-28c6e75c4038
user470, a8d15834-4e56-4512-a51e-8b9588047191
user471, f05fca2a-eeb7-4983-bb77-75970f04768a
user472, 1bf30b06-6cf6-4945-8b88-42c7c1005fbb
user473, d4939a88-814f-47f2-8522-44152a6be34d
user474, ccd25944-0c29-4c86-892c-e3a818af1c2f
user475, a0a82c4b-d8ef-4718-b929-7b61ad3bc364
user476, c0ab37a7-76d9-45fc-8755-4d35ab098c61
user477, a127db5e-906f-40ad-8d1e-bdecc43545c2
user478, 5bc81ab2-ec61-4e60-9c6f-bbaec4c377d8
user479, f7b3023b-4b3d-4480-8fc2-fff64abc7fe0
user480, 2e20ae10-1433-4e1a-93ee-8f319f36a1bb
user481, 34ece223-9f5d-483c-80e0-375aa0c0c148
user482, e348e5f1-603d-44e7-aa8a-60127fe0adf7
user483, 5a1c3bb3-5f6f-43b2-8a04-42fced7c6e3e
user484, a0650670-149e-4735-a2e2-efa35fe4e881
user485, 9d1c6e2b-1d4b-4a34-af8a-25c2c3b8b7aa
user486, aab9c7e6-0a71-40be-95dd-8fa8eae6b548
user487, a7502b14-abe3-4dcf-acc9-55bff3832272
user488, 07ac515e-47ce-4c84-b243-b884b2a3dd87
user489, 78bdfbf5-8782-49c1-9182-6b6e04526aad
user490, 921ed852-397e-4eb2-98a7-22fc494d8650
user491, f20206e4-91e4-4d5d-bc6b-43e5d64733e0
user492, 4cb76448-b34d-4b7f-baa9-0f8011e92cdd
user493, fd9059bb-60c4-4be7-a2b7-c80a1e4b7b46
user494, 91d73c20-f032-4640-8655-067a36d9fd97
user495, a2120bb6-76cd-4433-960c-05a6724073ad
user496, 50f3a907-062c-49ae-aa70-9aab50967034
user497, cf557f57-efaa-4c34-a68c-46cf88fc2092
user498, 578b3bfa-ab82-4d24-844c-5f8bbc0e00b6
user499, 39c7f78c-b21f-4d39-aa96-90a036319e13
user500, 87ded63f-5bb4-4238-ba6e-07b9e657df08
user501, 0142b009-b478-4b50-a0a5-dcd9c9f5d63c
user502, 19d1ba17-ceb4-4695-a09c-630e883b813d
user503, 610b3394-6907-45dd-8cb6-0909c3531a81
user504, bd1b5511-29d2-4052-afa4-536aff5bebec
user505, 335dde79-3a70-4db3-91d2-381e4907c271
user506, 5947ff60-950a-4ec7-b723-0112ecc534f9
user507, 4d2d0a0a-f40f-4685-9485-e01d17b3aa3f
user508, 5592ea9e-a747-4f91-8a4b-e9aedca3390d
user509, f2921295-73c3-4f95-98a8-4f60bcfd531c
user510, c09a0c49-1c68-4ab9-995e-f2a644c49cea
user511, 007bc9b5-fbf5-4021-9f44-2f05704c7a1a
user512, 410da4e6-6ba4-4250-9eb5-b5a986cb932c
user513, 9612ee5a-dcfe-444c-ac1b-2a78451de88b
user514, e8fcc578-db57-4a9f-ae5c-afa79b534839
user515, 7679f3e2-d078-4feb-8d99-5251388258be
user516, 99f866c9-4b31-45c4-85c1-00fe3256157e
user517, 8d9a6fe9-0845-45f0-9eb2-7321c5135ed6
user518, 4b429a98-e351-4ba1-9e46-a8beff3be497
user519, 5a242fbc-3f8f-4e59-9350-6c7afc781b8b
user520, b4cd50c1-f4fc-4c09-bb49-0450c6f948bb
user521, 13970785-3f5f-458e-80c6-a30001259e20
user522, ca89c083-b843-41dc-b32e-c72a537b5404
user523, bc0f40f6-5f0b-4c40-a260-49738a49fc04
user524, 1e724f3d-d902-4866-8b07-7e727e15d0eb
user525, a95e8885-a05f-4ab6-8d60-cdb63967b111
user526, f11b240a-3d56-43ac-ac1c-328e8dd3d957
user527, a6f27157-b113-4f6f-8b57-fd13ef753fff
user528, 0ca2544e-b5d3-4448-b931-19b87e81122d
user529, d47e5634-29e7-4a3d-bd59-a48a73a2165c
user530, 1666eeb9-9911-4107-baa9-020b7b40335d
user531, 561f8f11-cd9d-4d4e-9afe-0899d1b9d571
user532, 1dc58ea1-f366-40f8-bc90-ec2663549098
user533, 0bfc4d1a-ec39-4c3b-9ec5-7734eac761f8
user534, 81459527-77ce-4831-a5cd-d346cb6b50de
user535, 491a1134-4520-460a-84fb-e91453dcda16
user536, e7aa52e7-a5bb-4dc9-8ebb-52c8a74010b7
user537, d4869ac5-1ecd-4f28-964d-41e731cdaba9
user538, 968e7ea3-ceae-452d-8a18-9f43f0b13968
user539, ecd7ad15-eaba-49d4-a8d3-c0bc8816a6eb
user540, bbb2b8d7-8dfc-43d6-8988-712c7229fcea
user541, d9e25c4b-130d-477c-93be-e9d19fe2333f
user542, 45cc89bf-5332-45ae-8905-0a1e29e3cc1e
user543, 9dabb4d4-bafe-41d0-a1d4-7f5cb97e6bef
user544, d09ca330-015a-4ef7-b4e5-1c9d522636ae
user545, 8cdd4f57-2535-4395-a384-4dcab40254ec
user546, c72d6b5c-68e5-4aa8-a9f8-5d54509e902e
user547, 1bccf221-a22c-4c6c-8efb-627842c5c76a
user548, 3aa90134-b50f-4bcf-a881-0ffb7efd19f8
user549, b04fdb92-8937-4174-8d87-e0de80419cd0
user550, 13550314-2cca-4d3f-9e53-ad3f7e402e9d
user551, 8a760228-cba4-46a6-9a1c-377abde17af4
user552, 2bbc8ef2-e364-4ea9-85e8-86aff142e8b1
user553, f5415e2c-1c83-4d1c-9398-3caa4691bce0
user554, 1ee96e12-ce25-4d32-bca2-52cd122aebf7
user555, 2700bcbb-9985-4ec5-9a3c-808feb31470a
user556, a50776c5-cbf7-4a0c-a170-4d0c88687597
user557, cb4fdee0-8d0c-47ba-b53e-60cec8df9376
user558, f6309b7c-82b6-4753-a790-abb07d5ba3ef
user559, 3133935d-9974-4102-807e-6df1b852ec41
user560, f8f33ee2-b7b7-46a3-821c-1776b26fbbe1
user561, 58e9f0d8-cf3b-4c0b-99f9-210edea3e94e
user562, 374188b4-228c-403a-9025-939e4c874e08
user563, 433f36d7-7eec-4fd2-8d4d-16e20ae1f84d
user564, fbe04424-a86b-44c4-a2e9-1a93a80825d0
user565, 5257da36-af65-42af-947b-35277f85801c
user566, 7de28425-c1b9-4126-8483-b4ab4f66f04f
user567, 8deea57e-34b4-45a8-8d64-729c95cf8c89
user568, 231f5b60-73be-4957-881b-042a138ef1b9
user569, dd83c801-ce23-40ad-a6e3-198705f27714
user570, 1ce5b437-fc3f-442c-a847-2bcac3692d21
user571, 7b5e88e7-d660-46e6-89db-45f6e251317e
user572, 9fb7fd56-2470-4d10-b2ac-e135f2ea2004
user573, 30da4f30-4478-4e31-b5b1-4727297fad5a
user574, 81513f43-bcfe-4c7e-b427-a67a299aabf8
user575, ba1d995d-b903-4968-bb30-046a33553334
user576, 3a46770e-869c-4f31-8ace-c4f4b39b47df
user577, f0fcc2ce-d19d-47cf-871d-bc385ae4d210
user578, e645800a-a3d2-4c15-a781-b1924fb36a4e
user579, 42d545e1-7a0f-451c-90e6-0e849d50cf63
user580, 6644722f-ec9f-43cb-89a4-82f068c7bd00
user581, beac1979-a927-4415-a76b-80d90964d800
user582, 518a4717-fcb0-4410-818c-635e1f0268bd
user583, 6d629824-1f28-4098-9ec8-fc4f68d7f34e
user584, ffa69acd-ef6c-43b3-ba11-81a1e2dc8c21
user585, 4ad52a1e-a277-4f58-9688-94c99d212078
user586, 2547f22d-a292-4540-8d8b-aed0cf5b5601
user587, 7629bb9d-bd50-43a9-ad39-cf43ee010511
user588, e9759ff6-7c40-43de-bcaf-1a549e1a2c85
user589, d6d3f0d2-2a67-4759-ac1f-1c0d5b16d827
user590, f74d4169-af85-4068-91b3-65c742994b05
user591, cd845e17-4e74-4687-a7c0-96c3f6eca432
user592, 90468e8f-27bf-4e40-9132-7639a2488aca
user593, 3fbd8c83-2733-48d5-8cd6-489f0f03efa8
user594, f84cf474-a0f1-41a9-ac0a-d9158ea2178e
user595, 4481eb1c-0b80-4fba-9991-2e2536d99a0d
user596, f9935ffa-03cf-4776-9663-66393790e888
user597, 7294bf9e-ff43-4809-a920-5d0a69d92bb6
user598, 9f4c7cc2-38be-4415-b905-91875e45d6f1
user599, 87d3a991-baa2-43fd-9b91-184a51808d15
user600, 361345b0-27b8-4c69-a73f-8bc45c3a82ef
user601, 5083826f-e861-4058-93bb-7d78b7132ade
user602, 213a6bcb-2ee9-4894-817f-e036052d9f01
user603, 0091f61b-eafa-45f9-862c-2a219d07d804
user604, 74dc335a-20ee-4644-8669-0ed24482c795
user605, c8b57a3f-eac4-4bf5-9246-609c67ac380a
user606, 8d44daad-03f1-4072-9d50-4eeb2d66592f
user607, f612d917-4ecb-4c06-8511-26ea93b2a60d
user608, 6b0e18e8-ff91-43fa-9746-692715c405db
user609, 8dc2c150-a02a-49b9-a7cd-335390b807a6
user610, 9ae2bb0a-de02-41e0-bf95-8520ff6da574
user611, 80b4822a-378d-4b41-b442-9a965f745a28
user612, c1837311-651a-4618-bc34-51534c6b79ce
user613, 25ef9e4d-2f38-4b47-8410-d40923e5f891
user614, a5d63311-4396-4fc4-95b5-fca5b90feeba
user615, f132566f-7452-48a2-ad28-07b80e8deec4
user616, ad6b71a1-feb5-4321-b900-36aad486083c
user617, 37e18fb8-958e-43f4-aed8-b07d89748924
user618, 037c80b7-2c1c-45af-af1d-e75a92ab4ee9
user619, 7d936fe9-abbd-4142-9a5b-8482f9d1413e
user620, f7f71241-2faf-4907-83c1-acbc12028c1b
user621, 28261fc8-eefc-431e-9ba2-be729f85f887
user622, 8ef137a5-10a9-4faa-b7c7-3ea1d31ad570
user623, a8416846-deac-44c7-afd1-05ee42f2ae73
user624, 58fd1e86-9984-4ebf-a826-c489fc0339b4
user625, f733087b-6610-440d-8a31-867b843abe80
user626, cbcaebde-3501-4bf5-9077-c8c9d7599aef
user627, decaa647-821b-4006-861d-6c05e7103c42
user628, a0d61e48-1eae-496d-9584-791fb1f3dd0c
user629, 3d9ee9a5-2a8e-4655-b122-fa5df5194bf6
user630, 80a143fb-8d9e-4347-a651-4705946738be
user631, 26bf9f50-38c0-42c7-bbe3-35f016347091
user632, acbee3fa-37ea-4683-b2d7-fa4fafbb9203
user633, d04aa5a2-0f64-4c83-b517-fe0ad5f522db
user634, 3996a5d3-6aa7-4124-a147-f71962f82fb6
user635, 122e51ae-0628-41d5-8575-4a7c4a4f4d1c
user636, 43e731b9-d063-47a9-89ad-1a3dd1de82ac
user637, 53576652-ab91-4634-bf26-82fabb75af64
user638, 6fd85760-0d6e-4344-8594-c453f8971475
user639, 18d0d060-c68f-4e4a-b7b4-ac1dc7ee6491
user640, 8885a204-73c1-4e1e-8700-eb229dfdb31e
user641, 41c3e812-6edc-4e5e-a376-724bba3c6b2d
user642, 30fc3409-dfb2-49b6-a5fc-ace8b9ea3cb6
user643, 59847e67-3fbe-4481-be70-78253139b9d1
user644, 9d5c6d1e-9910-42de-bc6e-8211432875d7
user645, f1a97642-7120-4bf0-9e0f-fffaac5d1430
user646, 01ae1fa6-ec3f-47fc-91cd-4a4d437d71ed
user647, 03f79e56-8945-4f63-82df-68cd3e85bf89
user648, 82250e9c-96e5-4582-bc01-128b08bfbe71
user649, 5d8f91bb-9338-4435-8f6a-048858d619c7
user650, 12a9d974-9e83-4ac6-949a-c9723346c02f
user651, 9498a9ec-ac8d-440a-9d9e-3805cae78c13
user652, 3601bf8a-44e8-42cf-a604-a4565c15ebc4
user653, abc583fe-ac95-49c4-8839-893da23ca3a5
user654, 9e78cb2d-8f66-41d8-b47a-34c405388ca6
user655, 01c456aa-71e0-4d47-9e56-ae3bda70df66
user656, 0bf6054d-e357-4d02-836b-48d1eac2cb3a
user657, 4e1e5f56-ae52-4140-a642-c93f40ba95fa
user658, 5f25e0b4-9e6d-4eff-8720-4c374d672428
user659, 75d6c97f-7f32-4782-bec4-a7ba1bdf3221
user660, e07d9f79-52f6-4d8b-8363-4c4eeb21687d
user661, b4441d73-d6c0-4f78-a9ef-d9ff11ec2078
user662, 51ac5997-4e49-4ce9-ac42-7afb3074e6e8
user663, 3b6f7d8e-c14c-4838-a6ae-eb6946728d76
user664, 8c354ec5-4b93-4ce2-a36c-7ce0eaa84c70
user665, 8bbc2c95-4575-43a2-a13e-525472560551
user666, fb119ea5-aaad-406f-a17d-2b07bc98781e
user667, b9816b73-3ba7-4312-8eba-cc9efe6b75f7
user668, 4b0bfe04-9409-448a-8f8b-d0c3871907df
user669, ea244972-5993-4114-a61e-9b27f4249ad2
user670, a429d35c-0db7-4cd0-a612-f159e02ea7d1
user671, aa42fbf9-6026-4fc1-90ba-a78b1f2aad92
user672, 9c529513-2d28-45c3-abb4-6978d483d89b
user673, b3eedb0a-c91c-4239-b52b-47b5bb903eb8
user674, 90b9329c-a997-4e64-bd44-854c907d773c
user675, 7b291f04-dcc2-49b7-b8b7-a7de324cb7f6
user676, fbd1d51a-f9b2-44c9-be1a-2c989882e4a3
user677, da7a7544-16f0-40fe-92e6-3d4df819dcf0
user678, d248337b-2ea4-4fe0-9318-b9aca0597bcf
user679, 2506e3e8-3940-4db7-8387-088c88760f14
user680, 3137923f-a939-4572-a463-fb21ee842ba8
user681, 69866b85-f7a2-445d-a3ce-88968e1a792e
user682, d8fc44de-1d00-4fc9-9eac-46b5351d0658
user683, 198fc94a-4892-4f0a-a510-18cd19034db5
user684, 5ea1a7ea-768d-4679-8a30-6604d20df0e3
user685, f5793a15-8ddc-46ca-9172-d9dc9e2c60f3
user686, f3d84587-ae42-4754-ae55-95139405786b
user687, 95329f89-b83d-4bf5-bfcc-a4b193e613f9
user688, 1567e24a-af46-43f8-b0c2-f5296fb726c1
user689, a74614e5-9300-4d8c-b873-ffa3d0e8c4cb
user690, 4b00f8f5-cf0d-43ac-b1fb-5d0920f843e4
user691, 24c40cd9-570c-4545-9bfa-d0368bddb67e
user692, 7cba6d3d-c13c-471c-ba88-0d98bba2b61f
user693, d17fb2b0-5e94-4683-9b54-5b0dd950c202
user694, 03d49d83-c217-4726-8bd6-b775f05730e9
user695, d3f3a776-095e-4e6e-98ad-8e0895c02126
user696, 316a2215-57ef-4ea6-8c6e-3efec91081ed
user697, 1be80223-954a-4a57-8d17-e76a00e2fdb4
user698, a4578a45-5821-4515-9d1a-758d98ffc8e8
user699, 9912e311-3d01-4838-959e-c074cfbe0f03
user700, 21e0f3d6-7b79-41ba-ad3a-bdc336477d16
user701, 69a94c64-b7e1-4729-aaa6-1e9893e52ec4
user702, 25c952e6-06ff-466a-a233-4250d950e5d1
user703, 7c71e8b7-9e7c-4a42-b119-6754d36d207b
user704, dec36bc8-435b-4888-9295-1a215cd59d30
user705, a93001c6-57f3-4d39-ae67-c805562b6c09
user706, 34c162f0-b5dd-49e5-b315-393c7d9f6908
user707, 7a9a5ab1-9a78-4e79-8066-4e2ea9e26c39
user708, 714a2554-5ddd-44b9-b4a8-443f132d716d
user709, f6f8de49-d5c6-4903-aaf0-30ee4f0f7e0b
user710, 938f9821-ad0f-42e0-bbf5-07ead01f06c5
user711, 61d22580-d223-45f9-aaac-be88dfb84500
user712, eb4399a1-faf7-4966-87d5-1963048e78aa
user713, 7e03a60e-9d9a-4d4c-8c54-b9bfae0ffce5
user714, b1cbfcb9-a9bf-4bf7-8096-1d9d83051658
user715, 6debc993-e419-4a02-9640-c699bfbd0216
user716, d1ea0acf-7450-4234-a746-536d5ac880cf
user717, ce70aca0-63a9-4b0f-ae52-07498485c042
user718, ccc7406e-79e1-4467-9722-158695d176e1
user719, 3ef683d1-004e-49e7-b87a-ca60de433031
user720, dab929df-8d0c-474e-bde3-77b3cb1bd257
user721, 7891a453-257e-489b-ac08-c269a064d101
user722, d0cd24dc-42c2-45de-975d-2391ae29e63d
user723, edee9334-11c3-45ad-bbb0-42b377ef9ee8
user724, ffc276a9-4765-45d1-b570-acbfdf73d5c2
user725, 82ec17e4-7f24-49a2-a254-d5107e332927
user726, 454f15e0-fb33-4538-a54b-c3549c27a395
user727, a5455060-94ae-4518-a935-0bb250457287
user728, c01fa6a8-0859-4607-89f9-7e9e87c038a8
user729, 5485ea3a-6a2f-4e68-a341-b6658ed2da04
user730, 2ae0451c-4163-4f50-94a3-b4e71445751c
user731, 2a311c81-b217-4b3f-82f8-b6ea7722893a
user732, 1429c40d-741b-4b03-874c-4f560ad5bffc
user733, 31c4159b-5133-44d8-8fae-4ab6e20943df
user734, 0c2d774e-c581-4019-9d5a-b743f4b1dc67
user735, 06673824-d72e-49d1-9ec3-a15d07c291b7
user736, c49cd104-79db-4ea8-b86a-fad48bdc580a
user737, a963744d-0765-4d4d-99a0-63bc979cab43
user738, bc6dcfa7-3a6f-4eac-8afa-f19ff891a3fa
user739, a1f471d9-1a6d-4c0d-a168-ca4c2083ae74
user740, b14d9c93-ea8d-467e-8597-541fecee60fc
user741, 45efd0b3-ee6d-4d89-88dd-ed0086c20d86
user742, f972ade7-98e4-4af5-9f13-9baacf058a55
user743, 4e0032a0-fc53-4018-afc4-b1338964fe0e
user744, 9c8e965a-e43c-47e2-8f29-f30b43225a4b
user745, 61ce3048-a765-475c-a556-a8722001a435
user746, c9ab622d-b2c1-4094-9985-f6927974f80a
user747, b2e734fe-91f4-491c-b132-05920f9e4426
user748, 186197d1-f197-45f4-9f67-7fc8b22b605d
user749, de3c8ebb-002d-49bb-88b6-9fcebdef9302
user750, d6a515be-aa32-42db-9954-fe040f32469f
user751, f1856228-f8ce-42df-8c78-56a874eef451
user752, cdaa4c44-bbce-4d94-b7fc-ba5aaa7e0523
user753, 1ce4ed5f-b348-4e27-acc9-72098db891a7
user754, 50c38512-57f5-4221-acde-a1a6b96a84d2
user755, e12c7223-7dbd-47cc-a9d2-cba6acaadd3d
user756, 9831d964-43f9-4ca5-8a90-64720e33b86f
user757, 03809e2c-0607-48b2-b22d-98fe565a5664
user758, fa2c2210-34b1-4e15-957d-b88f99bca5c9
user759, a298dbdb-9284-40f8-ac61-77caab116e66
user760, 97214a8b-0d71-4b9a-94f9-0381df381655
user761, 6d360987-930b-4456-a7b5-d4f1e9f90190
user762, e84c56a4-3130-417c-af67-f74d66cfae94
user763, 14155e2b-0a01-43fe-8a53-b58a12bd3038
user764, 12795e30-a6e4-41c5-b178-e9ac6199d1cd
user765, 7699a44b-413b-4139-8c0b-3dffbe4dd8b4
user766, 02175c92-b884-4813-8d15-9cc7584320ce
user767, ba861917-40f2-4a28-a315-4eccb6a130e5
user768, b0af2c76-4fce-415e-ac6c-e567a2cec1e3
user769, e1b622a9-4fc2-4ef1-abd3-911d803c35cd
user770, 29f21ceb-381d-4541-9d57-955fae9a7291
user771, 8c4918d3-d1f1-4fc8-ab64-b4eb73f75707
user772, 4babbcce-2e96-4af0-be0a-b087004f1527
user773, 2f313645-1132-4a21-86eb-fde7758f3fc3
user774, 774246cd-0771-40ef-9564-b83cafc1bc4c
user775, 22e9cccb-f653-412a-a0f4-73bdd600e5d6
user776, e5f81270-f3bf-4240-9845-17e4b7bc95e7
user777, 9162c2d8-d069-424b-ab1c-db169e412fca
user778, fbb4e6ec-a5ce-4492-bf46-f7146a2d73dc
user779, 0771c6ab-349d-44f3-a30a-6631559b6286
user780, 3ab452ae-8df5-478e-a589-6798e5ca7255
user781, 56e0eec8-9dfd-4252-adb7-bc9875b7568a
user782, ac5af2cc-1586-42a6-9fb7-cc7a8a5cb95f
user783, 2ed3e667-a805-4f4a-8a3f-eb2bbe68e044
user784, 2f979681-4892-4d99-9b29-e81dfd2a2f85
user785, ae352ab9-1bc3-4dfe-b56e-e469db43439a
user786, 36927020-df23-41b8-b3f7-9431c208953e
user787, 52913730-9442-48cb-adc5-eac29fc438f3
user788, 98f0b11d-1a1a-4889-90e6-4e1094540475
user789, b8ae33d2-2c77-42f7-88b4-bd47f36fc28e
user790, a121992d-3aaf-428d-a8cf-439eb50be5ed
user791, ecc291cc-1d1e-4293-8f44-9b9b824587bd
user792, 5d741a59-224c-437d-b31d-c8e2a23a9df1
user793, 00e1f323-9b29-4f43-8390-7ba8eda7205d
user794, 110a05ba-0ba2-4ca3-9d63-c410556c7c13
user795, 9d799288-7008-4f8d-801b-0da08554154a
user796, a87b3896-0590-436a-bcee-e2c95af21fd1
user797, 76b51a4c-a01a-4456-8320-91b3dc9bb78b
user798, 344ce4b1-ea5f-486f-b83b-ff8ace27cc27
user799, 7f9dca2d-4285-479f-b0e2-7c7a0af1dc5f
user800, 01f70d57-b139-4579-a826-7fd2a2cb3023
user801, a68f6c7c-de7c-4661-837c-9eb9da02980c
user802, 8926a862-1172-448c-a35d-3b4569d334b6
user803, c25f75d8-31a1-4ea1-ab89-4f2df6eeee67
user804, ace555ac-301d-4bd4-8711-0b2642ab6723
user805, 07aa3530-4deb-487a-8eb9-0ffe8be0c0fd
user806, 4efe3786-d4f6-43df-af55-9f77de2f754f
user807, 35b2bd4d-b61a-4dc9-958c-1376bc44f562
user808, c1f53808-c7da-485f-bc7d-2256c7af459b
user809, 2c9eda2e-9ffc-44e2-9b58-86cf680fe984
user810, a5d5996f-b396-40be-8c21-94e206c7d43e
user811, 4f31ad52-174e-4ef3-b81c-e574a0075ebb
user812, dcf32781-6ad1-4332-9e37-1d69e77fb447
user813, cfd85ede-1f09-4e64-b525-395ada55093b
user814, 6d7675ba-6a89-4597-bd4c-264b37971d8a
user815, b8003437-e29a-429e-8d5c-a27d8b1c9206
user816, 02fc7188-6798-4646-a96e-85f257f89e45
user817, 30228ffa-cfb6-4614-bed6-ed26492bc061
user818, 08de0d25-a0b4-4339-a65c-0b975c4a785c
user819, dd09f712-ce05-44e8-b634-6734dfff60fa
user820, bcccbe44-23ac-428c-9770-9bcd9059e20a
user821, 5cee7b41-5e22-4ea5-96cc-f249f49147ff
user822, 6fbe8fcd-30e8-4488-bcac-1fc927341112
user823, a270aabb-79d1-4281-baa9-af60f1d04436
user824, 7653e46f-bbd1-4b5b-9d87-531311c780e9
user825, c1ecfc11-1cb9-43dd-9fcd-fad1b989b6a0
user826, dbc58374-14c2-40e3-a925-d56a7223de89
user827, cc3801c7-dcc3-4703-a279-fae4c2bfbc56
user828, 2aacbd4a-2f10-4c97-8190-e62c1af43b1a
user829, dd55873a-6159-4a24-9c16-3064d965823a
user830, 4c13da12-a37c-4a8b-9bea-a0b66de1e35c
user831, fbc2eef1-9c68-41d2-b159-83c767b4354d
user832, 59820701-9b50-4552-a501-0bed5e5c027c
user833, 17ee1074-eb94-45f6-80b7-251dc6901f9b
user834, fcc263c2-8feb-40ef-8e06-13959272af90
user835, 19b5b7cb-73b7-4a87-83bb-a8d00ed70a9f
user836, 49d42dff-a338-4fc7-bea0-4bd4a0daadba
user837, fc5a6962-cbae-4246-8ece-99c8bbc86290
user838, 63ec03f4-dd85-440b-9d59-9ff2564c07d2
user839, 1f35c401-b1d5-48d2-bb24-15e03fcdc5e9
user840, 42ff6c85-2fe4-41d7-a9b3-5a801ebd067c
user841, 5f248cf3-5e09-4dde-ad38-3db51d7addac
user842, 906a06aa-3ec2-4214-b319-1c549cd7a343
user843, 0ae47440-a6da-4f5f-9610-02218bc2a615
user844, c48d6e2e-9531-41f4-a32c-a1fe3aa47052
user845, 04eb4e68-ce1d-4fc4-ab00-186d07cc4b8d
user846, 7157f383-17e7-47bb-b480-b7bc09f5ed5c
user847, 0656a335-c35a-4a06-9cfa-06b206c4edf6
user848, 2f539e8d-f5b9-4085-88e0-0045487bfb9c
user849, a68d1dca-4ed9-4699-a7ab-ed1b5411112d
user850, 51ec7952-dd4e-48d0-ad31-92e6487548e5
user851, a8e0a8e9-4478-407a-9937-306107cb05db
user852, b85cc248-037e-437a-9789-6b5a5ebd7cfa
user853, aac2b41d-e283-4e91-b595-8ab226b80c31
user854, 59efd21a-85a3-4184-9d6d-3acce07965bd
user855, b0f5e205-fd9e-45e0-a226-ec34590178aa
user856, cdd78e2d-85ca-49eb-a012-f7fb36d6a974
user857, 8d6395c1-5f01-4129-b828-e2f2532670e1
user858, 85ac9b58-40cc-4e2d-9eb0-dcc0c56f7c62
user859, 76875291-9311-44fc-825b-79d8cd8d0f76
user860, c28bc89b-2e80-4b31-8217-e56bd4fa3523
user861, c0957993-832b-4bd3-bd4f-9d67f066fb75
user862, 4ffea6f4-9851-40e0-ac7e-7efadee68e97
user863, ccdf3532-7140-4dd4-b51d-bcd4ee0d3f19
user864, 93bcda02-f2d0-49a7-8879-db2ddf60c428
user865, 36890ea5-cf62-4bac-81a1-b637493c989b
user866, 1f97e287-05e8-4ee5-92a6-b86bb2ac7efc
user867, 3081cca5-9749-422c-a7ba-f25a377f1b4b
user868, 96594960-da40-4ea3-915b-0cb7c5639dbc
user869, c274afa3-835c-4535-a474-eaa0c1c1cdf0
user870, f6426606-3a58-4db9-85d7-51767f062df0
user871, 93f15b97-4cd5-459b-b6b9-180cfb7936ce
user872, b0329025-e45e-4f1d-b936-5473441d81d1
user873, bd65bbfd-84be-448e-ba72-8834aabf8b74
user874, 205c113c-a87b-4f84-89c9-54f3ccbbbfc8
user875, 08cf5446-f48e-42d4-b63b-fe55aa7113a1
user876, f52008a6-f14a-47a2-87b2-9b05a5cfbe37
user877, 22966133-bf9d-4fa8-85d6-3af86ac87384
user878, a31ab9e7-c4bf-4d11-8ae4-10918ff808ce
user879, b0c6a397-9e13-4523-9ac4-fd9f43f2e28d
user880, ad2b9b69-6f61-4877-aff5-f2040b13b0f6
user881, bee86c0e-80b1-4b47-9f35-24127da9e8ed
user882, e4a2d63e-c093-4ef0-9bcc-f49427d4e040
user883, 087c2c8a-b213-497f-9d64-fff8f4685aa2
user884, c0f0fe54-c2ec-422a-acb8-e50016b3d8b5
user885, 7f4a4b96-836a-4f19-958b-1ea493362f4c
user886, cc981e01-51d6-4a9a-a89a-91e6fc3582f8
user887, 37889cff-b09c-4cd5-a97e-2ffee663ecba
user888, 356c90c9-f230-465d-b6ad-050909d009a3
user889, 5a564602-eecb-4478-93f0-cca75476ec39
user890, 6760fe9f-1365-4633-b0a9-bebb4d760aeb
user891, 98da69e8-9b64-4a5c-9eea-4d01c42a3795
user892, 60ac3c9c-41a1-46e7-983f-adc88838cddc
user893, 16ef3d1f-9cfd-4fd6-bacc-63bf6895b018
user894, 41457e0c-c312-49bf-8bfe-354ca333ea63
user895, d72e8c3f-7e13-4d99-ae2f-1f05b1d5ff1f
user896, 4b6e9a28-7632-4a1b-a9f8-2d8e5005b5cc
user897, 62057923-1567-4882-b754-bf70f7c1ffc0
user898, fbbdecdc-499f-4dd8-b213-ab09fd7630d8
user899, 4b0ffce5-6d84-44e0-90a6-bb5eb792d077
user900, 8f47ff27-e793-4843-9301-0d4095e995b9
user901, 1a1be020-bfc9-480c-a443-8b01ced18fd8
user902, 98853048-cc84-4c90-aac8-5739841c3cd7
user903, da7ff22b-917d-49c0-8512-97c86a7704da
user904, 4e85575a-17a8-4b18-871f-acb36a45cac6
user905, 41999291-aedf-403a-aaf0-878d38f9a744
user906, f76e9780-74a0-48ee-8d5d-11f1a114d7f1
user907, 04b3d79b-6fd7-4215-b222-066d78276ca1
user908, 269a20b4-3527-4801-a124-1da1f0ea7cfd
user909, e28e0a35-961a-4bfa-921e-0e1cdd1e2559
user910, b3936142-fd8a-4a17-a37e-420cca28f18e
user911, de0bf3bb-9911-4395-b1ca-bc824dd0a2d9
user912, 5f1ec505-1c2f-40c2-af24-db19feb267cd
user913, 300153f9-36ed-4f06-8425-b1f7e0298df3
user914, 95966dc9-e4bc-4840-8ff4-a50c24795d28
user915, e453dff8-d43d-4f7c-a898-7eb5c23e8c0f
user916, 74b00354-c9aa-4bd0-9e59-1b7cc89e46e7
user917, aecce4aa-4012-4a56-b6cf-fb7cede90787
user918, a65f7466-c3ed-4e27-b83d-2f1267f9a754
user919, 3931bdf1-6d63-4eda-8d2e-25dc038f8d29
user920, 87ece6f9-07a7-4de0-b57c-488263510269
user921, a657a964-38f9-47b9-8a35-eb0ca18fc423
user922, b7951707-a711-40c2-97cf-f6a254f4f3b7
user923, 4a79a142-bde0-4739-948d-56aeffcdd78f
user924, 85ed5f49-4a47-4156-816a-d58c79b1eef7
user925, f52f43ef-742b-4e2f-9b79-7ae37375cc5a
user926, 69ecb6eb-194e-49d3-a68e-e6bb820edb51
user927, 20ca7922-d6b7-4163-8c1b-f60108f7efb0
user928, 2334efe3-f668-4f33-8112-b3fe5dea7a38
user929, 0d8b01cd-c76b-41d8-99d5-335512cf761f
user930, aa9937ab-2349-4d9e-82cc-189468865bdd
user931, eb67b91e-83ac-4392-b8ee-4ed214d663b8
user932, 0e2063d6-f827-4fa6-8443-5bed2abd9f4d
user933, c1158324-0b4c-4947-ba4e-795f207b71d2
user934, 8579f72e-a791-41ba-859a-478ee76d442d
user935, c81e5bc2-e717-4e29-9a81-64c2405e06b1
user936, ce9971dc-aed2-41f4-b19a-2ed6d4b1770e
user937, 145c7101-faec-40a6-9e40-982ec30a6f20
user938, 6269c15b-e567-49d3-9193-90d26204c7e2
user939, 40227ce8-954b-4b41-90d6-293759699c6e
user940, fbc3d819-8301-4705-a9da-f856ce269ebe
user941, 97eb928c-dd82-4c38-94fc-1d0968753d94
user942, 6a8a1c36-d5ff-4c6f-b722-d28c107d3c50
user943, d5c4baf2-9cc1-47a0-9395-a20cdfb8d44e
user944, 20c14af8-d2e5-446d-9c55-743ad18e449d
user945, d21df0b6-79f5-4de5-9f43-4bb255e4daaa
user946, 78432b82-f2e2-496b-8771-cc20b9401912
user947, ba0b792f-fbec-48d3-a6b8-9739c2fe11a1
user948, 30cb49f4-71f9-46ee-98e8-5f8c0beca0a5
user949, c552fc9f-bed9-43fa-af41-4752763fccba
user950, b58b182a-1a79-4424-ac56-23589ba4b806
user951, e26a6300-d8e8-4d87-90b8-dbe879f67001
user952, 94fea7c3-5f41-4f70-bf39-4593b83ff680
user953, 669c86a2-9188-4c1c-8a54-40c8ac19e837
user954, 06512131-54f9-4272-b02c-0ce62e39a1c2
user955, bfa2b027-d7a9-4bbc-a952-2e2ad6fdacb5
user956, 74de1b5a-5d44-482a-a17f-e1c29bd5a729
user957, 5b63b8fe-6c49-49d6-846c-61f8b800ef22
user958, 31d6ed98-449b-4f57-9eb2-c34f28a54687
user959, a8aa1887-bf22-41a6-99c6-74a0a27369be
user960, d2ab2ba2-f913-4b52-aace-c2c2a85ae9b8
user961, 56835b6c-ce9a-4f68-a6db-797fa6e9c7cc
user962, 596fc5cb-5945-41d8-845c-b01ade7802a8
user963, f6f837cd-8160-4b91-985a-c004068e610c
user964, 431c912c-d0ef-4416-a05d-6eef3b44cade
user965, db9792ac-d7f8-4c0f-b0dc-b86c57cce5ef
user966, 876edcae-26c5-40ee-a918-8c6a7672c331
user967, d3f33c79-4878-4e2b-a34a-b7c0b0a27fa3
user968, fc86de0e-c219-47ab-96cb-b9efbdb19cea
user969, c7baa198-41f9-4c71-a119-7fee73847545
user970, 195f435f-8b2f-4864-8cdd-5236bc563a74
user971, ddfc560f-820c-4d23-b6c1-6c0c05289b16
user972, 7174e588-7b86-4c38-90ce-cdb327aef327
user973, bbab21bd-18ed-4237-8cdb-14c5048ba4f4
user974, 2688fb25-fa18-48e5-9b5e-80c96d352194
user975, 20d23fd4-199a-46b6-88b8-c61360932cbb
user976, 2847979e-9fe3-48f1-b7c6-e239b553db5e
user977, 336389c0-8e2d-4163-8452-e9d82712c95c
user978, e5a3721f-e751-4fe8-a2aa-fcc904e51d94
user979, 99a9f4a4-08a6-4a9b-bc6e-e9e2d0224da2
user980, 34bdf543-7454-485d-b1e5-db0a9ee8ce53
user981, 7befd819-541b-4f79-ab46-bb2090a433db
user982, 98323aab-4935-4577-be74-6a20f7532812
user983, 13bf96cd-37a1-458f-b1b6-5cf32131f822
user984, 124bd24b-1e90-4399-afea-ce99a41fb87c
user985, 8c1e4987-48fc-4b9d-848b-9e921dd364e5
user986, f153f4bc-6d49-4e73-b9b0-3a79b8061d38
user987, b45fe8a8-2bdd-43e6-8f68-1ff6a76463e4
user988, 829e8941-74c2-421b-aca4-b6c4be5a29f2
user989, 5847b9b8-c7da-4721-8bb0-75c12d834f4e
user990, 02ccb286-67a2-4f17-a723-40554c0f862f
user991, 9bcf577c-5df4-4394-9b78-7df664a2b762
user992, a680cdf9-35f4-42f8-8bd7-c3175d9a87c4
user993, 4ca6801d-6279-46fd-a8f3-2ff68c100a13
user994, 0edd0aec-9ea3-4d76-bf50-18d87a1b64e3
user995, 12ebca72-303c-4376-9205-8eda69d737d0
user996, 71363cda-7349-446e-81e7-1b9a83418829
user997, f9cd4177-12c9-4f10-a4d3-439943908fb9
user998, b6e927f8-8bf1-4547-b6fc-54c63acb3244
user999, a009f04b-a1c9-4996-9cb1-84df5938decc
